{
  "data": [
    {
      "full_name": "Bogdan",
      "speciality": "Computer Science",
      "country": "New Zealand",
      "city": "Otto",
      "email": "Bog@gmail.com",
      "phone": "092324234124",
      "date": 1022002,
      "gender": "Male",
      "bg_color": "#030302",
      "note": "Sd",
      "id": "l348qi5rogb6e6s6lo",
      "favorite": false,
      "title": "Mr/Ms",
      "state": "New Zealand",
      "postcode": null,
      "coordinates": {
        "latitude": null,
        "longitude": null
      },
      "timezone": {
        "offset": null,
        "description": null
      },
      "age": 20,
      "picture_large": null,
      "picture_thumbnail": null
    }
  ]
}